"《A picture that will never leave me. I suppose at one time in my life I might have had any number of stories, but now th…"
"WAIT INSTAGRAM QUESTIONS AREN’T ANONYMOUS??? COULD MY LIFE FALL INTO ANYMORE PIECES?? I TOLD MY FRIEND HER DOG LOOKED LIKE ROA…"
"I really just want to live my low key life and stay fly. Dassit"
"This weekend is about to be one of the best or one of the absolute worst of my life. God help me."
"According to my twitter I’m single, taken, busy, broke, rich, depressed, and living my best life so don’t count on my twit…"
"goodnight girls and gays tomorrow is another battle in the war of life but we’ll be fine because we love to fight"
"when i was at the lake there was a group of college guys jumping off a cliff and they were all giving this one dude in thei…"
"never in my life have I seen some elderly twins.... ima rt "
"As school gets closer &amp; closer, let’s just speak some power into existence. God. You know the plans that you have for my li…"
"Ever be confused about your life"
"@IzzyIsToBlame Do what your heart desires, be the good in a person's life"
"Want to trade pics with girls like her? You need to get yourself to snapsext. In it's short life it's changed the landscape…"
"Dont we alll "
"when i was at the lake there was a group of college guys jumping off a cliff and they were all giving this one dude in thei…"
"Best night of my life"
"RT if you had a relative risk her or her life to save Europe from fascism. Here's one of my grandfathers, who served wit…"
"ANXIETY IS A LIAR  It is a tool that the enemy uses to try and hold you back from your God given destiny. If you weren’t…"
"Some people will never appreciate you even if you do everything for them... that’s life."
"All her life she keeps on trying. She keeps on doing her  best although she gets unappreciated most of the time. She giv…"
"When you work a 9-5, still broke and see your unemployed friend in cancun living their best life. "
"i can't wait until im hot so i can finally start enjoy in my life and start receiving pretty privilege im sick of being u…"
"when i was at the lake there was a group of college guys jumping off a cliff and they were all giving this one dude in thei…"
"I choose to live a modest life"
"Disconnecting from certain people in life can really bless your life"
"I took time off from work to just sit and listen to someone and it dawned on me that sometimes life can be a very “lonely pl…"
"— jikook au  Jimin and Jeongguk’s relationship broke after Jeongguk decided to leave, taking all his belongings and their l…"
"Me protecting my energy, minding my business and living my best life all 2018. "
"This time last year I embarked on the most difficult journey of my life. I’m proud to announce that today marks 1 year…"
"not sure what pikachu did that made his barber want to end his life "
"Never realized that you need love too spend my life making up to you"
"God’s pattern is to make you strong by His power so that you may be useful for Him and for His Kingdom. - This comes in a…"
"She’s hiding her face &amp; her twin is right next to her. This is hilarious "
"Did Kylie Jenner just get shaded by.... the DICTIONARY??? "
"There are people in your life that you will never speak to again."
"Love u all. 2 lakhs collected so far. Just 1 lakh to go. If you haven't - Read the tweet and contribute please ! Please…"
"A plane is always safe on the ground but it is not made for that, always take some meaningful risks in life to achieve gr…"
"Summer flies by when you work every single day of your freaking life"
"Did Kylie Jenner just get shaded by.... the DICTIONARY??? "
"@SorahyaM Remember this is being done by the pro-life, pro-family party.  Guess we need to change their name to pro-birth an…"
"After most people in my life have disowned me, I was asked if I regret being a Trump supporter.   I regret nothing. The c…"
"Dwayne Wade straight up ends Anderson Varejao’s life with this legendary poster. (2009) "
"22 years old. Still can’t roll to save my life."
"I am going to write, direct, and produce my own movies.  I'm gonna cast my friends in them and I'm going have the time of m…"
"bitch what the fuck- i am in a massive amount of debt because of a DISEASE that has no cure. i have had three surgeries i…"
"this is AWESOME "
"He views poc as props, been incredibly culturally insensitive and appropriated Japanese culture, made jokes about women b…"
"hi can someone update me how they look like in real life? it's for science"
"This feels very special. To some it might just be an album, but to me it’s a life-long dream come true.   I’m going to savour…"
"college hasn’t even started and I’m already losing control of my life"
"CA is the world’s fifth-largest economy, and its growth consistently outpaces that of most states in our nation.  So I dare…"
"And we have an official title and subtitle:  Of Grief, Garlic and Gratitude: Returning to Hope &amp; Joy From a Shattered…"
"goodnight girls and gays tomorrow is another battle in the war of life but we’ll be fine because we love to fight"
"A Man Cried When He Had No Shoes.But He Stopped Crying When He Saw a Man Without LegsLIFE IS FULL OF BLESSINGS."
"My dad is literally THE best person I’ve ever known in my entire life so therefore I don’t settle for less just like how…"
"In Genesis 28 Jacob was RUNNING for his life away from Bethel. In Genesis 35 he came back to Bethel with a LIMP. Someti…"
"PSA:  Just because you share blood with someone, doesn’t mean you owe them anything, or that they deserve a place in you…"
"IS THIS REAL LIFE"
"SENIOR ALERT/PITTIE WITHOUT EARS! Charlie has had a rough time in her life, but you won't… "
"Scottie Nominees:  POV Status:  Crap App Loser: Pro App Winner:  Powers in Play: Sam (extra… "
"When I start living my best life, una go think say na ritual I do."
"Sometimes we need to stop analyzing the past, stop planning the future, just live your life &amp; make the best of it. @wengco…"
"G-Friend's Umji &amp; ASTRO's Sanha cast as MCs of new teen talk show 'High Schoolers' Social Life'!  "
"Life is looking pretty good..future dam bright ....I'm seeing the entrepreneurial light?"
"He views poc as props, been incredibly culturally insensitive and appropriated Japanese culture, made jokes about women b…"
"if you’re not happy at your job, in your relationship or with life in general, you have two options: sta… "
"A piece of business advice that my mom taught me by how she lives life   Sleep in your bed.  You made it!  So much complaining…"
"I honestly just need someone to drink margaritas with when I’m stressed and my life would be filled with content"
"If you let you parents wealth get to your head you might suffer in life. Work hard and use them to build yourself while sti…"
"The day I heard Queen song “karma”, I knew she took the beat from John P. Kee song “Life and Favor”."
"@SylviaMTV The spicy ketchup is LIFE😩😭"
"Peter Strzok, who's spent a life in public service, may be imperfect—as we all are—but next to Trump and his stooges in C…"
"me: OT9 ON ELYXION DOT life: yixing's in beijing me: OT9!!! ON!!! ELYXION DOT!!!! life: there's still thaad me: OT9 😍😍 ON 🙏🙏 EL…"
"when i was at the lake there was a group of college guys jumping off a cliff and they were all giving this one dude in thei…"
"No cocky shit but I’m one of the best things that could ever happen to a mf. I bring something to a person life that’s ju…"
"sharpay evans was not the villain of high school musical it was actually gabriella, imagine working your entire life in the a…"
"Help people without seeing them as your competition. That way you elevate more in life than you already are because you r…"
"when i was at the lake there was a group of college guys jumping off a cliff and they were all giving this one dude in thei…"
"I needa stop tweeting away my life"
"her hiding her face next to her twin has me weak "
"i owe kun my LIFE for taking this picture of lucas "
"Reminder: you should never feel guilty about removing toxic people from your life."
"Summer flies by when you work every single day of your freaking life"
"Tonight's PSA: @realDonaldTrump was a serial philanderer and is credibly accused of sexual harassment/abuse by at least a do…"
"Dwayne Wade straight up ends Anderson Varejao’s life with this legendary poster. (2009) "
"Get rid of the things that don’t matter in your life and focus on the things that do matter."
"I'm honestly living my best life at the moment and I could not be happier"
"Life is so precious. These days I'm just happy to be alive"
"keep your life private for your own good"
"I’m just asking God to remove what needs to be be removed from my life and place what needs to be placed!"
"I want you back all the time, I think about you all night. Fuck my life."
"I’m not gonna beg for you to stay in my life LOL If you wanna leave, then leave."
"HAPPINESS TIPS:  • Don’t listen to gossip  • Ignore what people say about you  • Design your own life  • Look for the goo…"
"illlll go anywhere you gooooooooooo "
"Now just waiting for my ex and my life will be complete lol .. @byrdgfx 💋"
"Life is like a book. Some chapters sad, some happy, and some exciting. But if you never turn the page, you will never know…"
"You will never read a more beautiful social media post in your life. "
"Divorce is so scary. I pray the person I marry I am happy &amp; absolutely in love with for the rest of my life."
"&gt;Friendly Rival  If there is ONE thing I hate about nu-pokemon it is the PUSSY BITCH RIVALS.  I NEED YOU TO STOMP ON MY…"
"""I believe that the very purpose of our life is to seek happiness. That is clear. Whether one believes in religion or n…"
"Me protecting my energy, minding my business and living my best life all 2018. "
